{
  "project_info": {
    "project_number": "1098968913387",
    "firebase_url": "https://iots-b2b81.firebaseio.com",
    "project_id": "iots-b2b81",
    "storage_bucket": "iots-b2b81.appspot.com"
  },
  "client": [
    {
      "client_info": {
        "mobilesdk_app_id": "1:1098968913387:android:9f755316c02ed953bc35ae",
        "android_client_info": {
          "package_name": "com.example.iot"
        }
      },
      "oauth_client": [
        {
          "client_id": "1098968913387-425kr3njc6s02erhao3c1u2ejt0jh62n.apps.googleusercontent.com",
          "client_type": 3
        }
      ],
      "api_key": [
        {
          "current_key": "AIzaSyDetb0TYR9NxYlVylXllqUzPx2UQxb6FUs"
        }
      ],
      "services": {
        "appinvite_service": {
          "other_platform_oauth_client": [
            {
              "client_id": "1098968913387-425kr3njc6s02erhao3c1u2ejt0jh62n.apps.googleusercontent.com",
              "client_type": 3
            }
          ]
        }
      }
    }
  ],
  "configuration_version": "1"
}